<application>
  <component name="FileTypeManager" version="18">
    <extensionMap>
      <mapping ext="text" type="PLAIN_TEXT" />
      <mapping ext="nvue" type="Vue.js" />
      <mapping ext="uvue" type="Vue.js" />
      <removed_mapping ext="dockerignore" approved="true" type="DockerIgnore file" />
      <removed_mapping ext="ignore" approved="true" type="IgnoreLang file" />
      <removed_mapping ext="nvue" approved="true" type="Uniapp FileType" />
      <removed_mapping ext="uvue" approved="true" type="Uniapp FileType" />
    </extensionMap>
  </component>
</application>