<application>
  <component name="MaterialThemeConfig">
    <option name="isWizardShown" value="true" />
    <option name="treeFontSizeEnabled" value="true" />
    <option name="tabFontSizeEnabled" value="true" />
    <option name="indicatorStyle" value="空白" />
    <option name="accentColor" value="009688" />
    <option name="userId" value="70098a:1848e772a66:-8000" />
    <option name="version" value="8.6.4" />
    <option name="tabHighlightPosition" value="底部" />
  </component>
</application>