<application>
  <component name="NodeJsLocalInterpreterManager">
    <local-interpreter path="/usr/local/bin/node" />
    <local-interpreter path="$USER_HOME$/.nvm/versions/node/v16.13.1/bin/node" />
    <local-interpreter path="$USER_HOME$/.nvm/versions/node/v16.5.0/bin/node" />
    <local-interpreter path="$USER_HOME$/.nvm/versions/node/v14.18.0/bin/node" />
    <local-interpreter path="$USER_HOME$/.nvm/versions/node/v14.17.3/bin/node" />
    <local-interpreter path="$USER_HOME$/.nvm/versions/node/v12.22.3/bin/node" />
  </component>
</application>