<keymap version="1" name="VSCode 副本" parent="VSCode">
  <action id="$Copy">
    <keyboard-shortcut first-keystroke="ctrl c" />
    <keyboard-shortcut first-keystroke="meta c" />
  </action>
  <action id="$Cut">
    <keyboard-shortcut first-keystroke="shift delete" />
    <keyboard-shortcut first-keystroke="meta x" />
  </action>
  <action id="$Paste">
    <keyboard-shortcut first-keystroke="ctrl v" />
    <keyboard-shortcut first-keystroke="meta v" />
  </action>
  <action id="$Redo">
    <keyboard-shortcut first-keystroke="shift ctrl z" />
    <keyboard-shortcut first-keystroke="shift alt back_space" />
    <keyboard-shortcut first-keystroke="meta y" />
  </action>
  <action id="$SelectAll">
    <keyboard-shortcut first-keystroke="ctrl a" />
    <keyboard-shortcut first-keystroke="meta a" />
  </action>
  <action id="$Undo">
    <keyboard-shortcut first-keystroke="alt back_space" />
    <keyboard-shortcut first-keystroke="meta z" />
  </action>
  <action id="CollapseRegion">
    <keyboard-shortcut first-keystroke="shift ctrl open_bracket" />
    <keyboard-shortcut first-keystroke="meta minus" />
  </action>
  <action id="CommentByBlockComment">
    <keyboard-shortcut first-keystroke="shift alt a" />
    <keyboard-shortcut first-keystroke="meta alt slash" />
    <keyboard-shortcut first-keystroke="ctrl meta slash" />
  </action>
  <action id="CommentByLineComment">
    <keyboard-shortcut first-keystroke="ctrl k" second-keystroke="ctrl c" />
    <keyboard-shortcut first-keystroke="ctrl k" second-keystroke="ctrl u" />
    <keyboard-shortcut first-keystroke="ctrl slash" />
    <keyboard-shortcut first-keystroke="meta slash" />
  </action>
  <action id="EditorCloneCaretBelow">
    <keyboard-shortcut first-keystroke="ctrl alt down" />
    <keyboard-shortcut first-keystroke="shift ctrl alt down" />
    <keyboard-shortcut first-keystroke="ctrl meta down" />
  </action>
  <action id="EditorCut">
    <keyboard-shortcut first-keystroke="shift delete" />
  </action>
  <action id="EditorDuplicate">
    <keyboard-shortcut first-keystroke="shift alt down" />
    <keyboard-shortcut first-keystroke="shift meta down" />
  </action>
  <action id="EditorToggleUseSoftWraps">
    <keyboard-shortcut first-keystroke="alt z" />
    <keyboard-shortcut first-keystroke="ctrl z" />
  </action>
  <action id="ExpandRegion">
    <keyboard-shortcut first-keystroke="shift ctrl close_bracket" />
    <keyboard-shortcut first-keystroke="meta equals" />
  </action>
  <action id="Find">
    <keyboard-shortcut first-keystroke="ctrl f" />
    <keyboard-shortcut first-keystroke="meta f" />
  </action>
  <action id="GotoAction" />
  <action id="Macro.eslintConfig">
    <keyboard-shortcut first-keystroke="meta s" />
  </action>
  <action id="MoveTabRight">
    <keyboard-shortcut first-keystroke="ctrl k" second-keystroke="right" />
    <keyboard-shortcut first-keystroke="ctrl x" />
  </action>
  <action id="PreviousProjectWindow">
    <keyboard-shortcut first-keystroke="ctrl alt open_bracket" />
    <keyboard-shortcut first-keystroke="alt tab" />
  </action>
  <action id="ReformatWithPrettierAction">
    <keyboard-shortcut first-keystroke="shift ctrl alt p" />
    <keyboard-shortcut first-keystroke="shift ctrl p" />
  </action>
  <action id="ReplaceInPath">
    <keyboard-shortcut first-keystroke="shift ctrl h" />
    <keyboard-shortcut first-keystroke="alt f" />
  </action>
  <action id="SaveAs" />
  <action id="SearchEverywhere">
    <keyboard-shortcut first-keystroke="f1" />
    <keyboard-shortcut first-keystroke="shift ctrl a" />
    <keyboard-shortcut first-keystroke="ctrl q" />
  </action>
  <action id="SplitVertically">
    <keyboard-shortcut first-keystroke="ctrl back_slash" />
    <keyboard-shortcut first-keystroke="alt x" />
  </action>
  <action id="Terminal.CopySelectedText">
    <keyboard-shortcut first-keystroke="ctrl c" />
    <keyboard-shortcut first-keystroke="ctrl insert" />
    <keyboard-shortcut first-keystroke="meta c" />
  </action>
  <action id="Terminal.Paste">
    <keyboard-shortcut first-keystroke="ctrl v" />
    <keyboard-shortcut first-keystroke="shift insert" />
    <keyboard-shortcut first-keystroke="meta v" />
  </action>
  <action id="Terminal.SelectAll">
    <keyboard-shortcut first-keystroke="meta a" />
  </action>
  <action id="UsageView.Remove">
    <keyboard-shortcut first-keystroke="shift delete" />
  </action>
  <action id="编辑器Copy">
    <keyboard-shortcut first-keystroke="meta c" />
  </action>
  <action id="编辑器Cut">
    <keyboard-shortcut first-keystroke="meta x" />
  </action>
  <action id="编辑器Paste">
    <keyboard-shortcut first-keystroke="meta v" />
  </action>
  <action id="编辑器Redo">
    <keyboard-shortcut first-keystroke="meta y" />
  </action>
  <action id="编辑器SelectAll">
    <keyboard-shortcut first-keystroke="meta a" />
  </action>
  <action id="编辑器Undo">
    <keyboard-shortcut first-keystroke="meta z" />
  </action>
</keymap>